Employee_ID,Name,Role,Department,Years_with_Company,Q1_Current_Operational_Structure,Q2_Main_Process_Challenges,Q3_Customer_Support_Effectiveness,Q4_Technology_Systems_Assessment,Q5_Competitor_Observations,Q6_Revenue_Slowdown_Reasons,Q7_Internal_Communication_Issues,Q8_Suggested_Improvements,Q9_Training_Development_Needs,Q10_Customer_Feedback_Themes,Q11_Pricing_Competitiveness,Q12_Process_Efficiency_Rating,Q13_Team_Morale_Assessment,Q14_Resource_Constraints,Q15_Digital_Transformation_Readiness
E001,Michael Chen,Sales Manager,Sales,8,We have 3 regional sales teams reporting to me. Structure is traditional with face-to-face customer interactions being primary. Each salesperson handles 40-50 active accounts.,Lead qualification is manual and time-consuming. We spend too much time on prospects who aren't ready to lease. No automated scoring system in place.,Our response time has gotten slower - averaging 48 hours for initial inquiries. Customers expect faster replies especially for quotes.,We're using a CRM from 2015 that doesn't integrate with our leasing management system. Data entry is duplicated across 3 different platforms.,Competitors are offering fully digital lease applications. Some approve customers in 24 hours while we take 5-7 days.,Market has shifted to online research and fast approvals. Our process is too slow and paper-heavy. Customers ghost us after the first meeting.,Sales and credit approval teams don't communicate well. We often promise timelines we can't meet.,"Invest in digital application process, upgrade CRM, create automated lead scoring, reduce approval time to 48 hours maximum","Team needs training on digital selling, CRM best practices, and consultative selling for value over price. Most reps trained in old relationship model.","Customers consistently mention slow response times, lack of online options, complicated paperwork, and inability to track application status. Pricing complaints increasing.",Our rates are 0.5-1% higher than main competitors. Down payment requirements are steeper. We're losing price-sensitive customers but winning on service - though that advantage is eroding.,4,Morale is declining. Lost 3 top performers last year to competitors. Team frustrated by tools and losing deals due to slow processes. Compensation still good but motivation dropping.,Understaffed by 3-4 sales positions. Marketing budget cut 15% last year. No budget for sales tools or training. Can't compete on technology investment.,Low readiness. Team is willing but lacks digital skills. Systems can't support digital transformation without major overhaul. Leadership talks about change but no concrete plan or budget allocated.
E002,Sarah Williams,Credit Analyst,Finance,5,Credit team has 4 analysts. We review all applications manually regardless of size or risk profile. Every application goes through the same process.,We're understaffed for the volume of applications. Manual verification of employment and income takes 2-3 days per application. No risk-based tiering.,We rarely interact with customers directly. Everything goes through sales which creates delays and miscommunication about credit requirements.,Our credit decisioning system is outdated. Can't pull credit reports automatically. Manual entry leads to errors and slowdowns.,I've heard competitors use automated credit decisioning for standard applications. They only manually review complex cases.,Our approval process is too slow for today's market. Customers find other options while waiting. Also think our credit criteria might be too strict for some segments.,Sales promises customers approvals that we can't deliver. No clear communication on credit requirements upfront.,"Implement automated credit scoring for Tier 1 applications, hire 2 more analysts, integrate credit bureau APIs, create self-service credit pre-qualification tool","Need training on advanced credit risk modeling, new credit bureau tools, and fair lending compliance. Current knowledge is dated.","Customers frustrated by approval delays, lack of transparency in credit decisions, requests for excessive documentation, and confusing decline reasons.",Our credit box is tighter than competitors - minimum 680 score vs their 640. This eliminates 25% of potential customers. Conservative approach hurting volume.,3,Team is burned out from workload. Application volume up 15% but no additional staff. Quality suffering due to rush. Two analysts actively job hunting.,Need 2 more analysts immediately. Credit bureau integration costs $50K but no budget approved. Manual processes unsustainable at current volume.,Medium readiness. Team understands need for automation but worried about job security. Need assurance that automation will augment not replace. Training required on new tools.
E003,James Rodriguez,Operations Manager,Operations,12,"Operations handles contract generation, vehicle sourcing, delivery coordination. We're organized by function rather than customer journey. Very siloed.",Contract generation is heavily manual - takes 3-4 hours per contract. Vehicle sourcing has become difficult with inventory shortages. No proactive inventory management.,Customers complain about lack of visibility into where their vehicle is in the process. We don't have a tracking system.,We use Excel spreadsheets for inventory tracking. Contract templates are Word documents. No workflow automation.,Competitors have customer portals where clients can track their lease application and vehicle delivery status in real-time.,Process inefficiencies create long delivery times - 3-4 weeks from approval to delivery. Customers get frustrated and cancel. Lost 15 deals last quarter to this.,Each department operates in isolation. We find out about problems when customers escalate rather than proactively.,"Implement workflow automation, create customer portal with status tracking, hire dedicated inventory manager, integrate systems across departments","Team needs training on lean process improvement, project management, and modern fleet management systems. Very traditional operations mindset.","Delivery delays most common complaint - 89% of negative feedback. Also confusion about what's included in lease, vehicle condition issues, and poor handoff communication.",Pricing is less relevant in operations but hear customers complain our total cost is higher due to fees and charges that competitors bundle. Lack of transparency hurting us.,3,Operations team feels undervalued and blamed for systemic issues. High stress due to manual work and angry customers. Turnover has increased - lost 2 coordinators this year.,Severely understaffed - need 3 more coordinators and 1 inventory manager. No workflow software budget. Vehicle storage facility at capacity. Dealership relationships strained due to payment delays.,Low readiness. Team is overwhelmed with current manual processes. Automation would help but change management will be challenging. Need dedicated project manager for transformation.
E004,Patricia Kim,Customer Service Representative,Customer Support,3,Our team of 6 reps handles all incoming calls and emails. First come first served. No specialization by customer type or issue.,High call volume with no triage system. Spend too much time on basic questions that could be automated. Average hold time is 15 minutes.,We try our best but don't have access to all systems. Often have to transfer customers 2-3 times to get answers. Very frustrating for everyone.,Phone system is basic - no call routing by issue type. CRM doesn't show complete customer history. Can't see credit or operations updates.,I called a competitor as a mystery shopper - they had chatbot for basic questions and much faster human response for complex issues.,Customers are frustrated by lack of responsiveness and transparency. They can't get straight answers about their application status or delivery timelines.,We're last to know about changes. Sales doesn't update us on promises made to customers. Creates embarrassing situations.,"Implement omnichannel support platform, add chatbot for FAQs, give us access to all systems, create customer self-service portal, hire 2 more reps","Need training on conflict de-escalation, new systems when implemented, product knowledge updates. Currently learn on the job with minimal formal training.","Top complaints: long hold times, multiple transfers, lack of status visibility, inconsistent information from different reps, no evening/weekend support availability.",Customers mention competitors offer better terms and faster approval. We're losing deals due to poor service experience even when pricing is competitive. Service failures costing sales.,2,"Morale is very low. Team feels helpless without proper tools. Verbal abuse from frustrated customers daily. High burnout - 3 reps left in past year, all cited stress. Management doesn't understand our challenges.",Critically understaffed - need 4 more reps for current volume. No budget for proper support platform. Working with systems from 2010. No knowledge base or FAQ resources.,High readiness if given proper tools. Team is eager for change and tech-savvy. Main barrier is budget and management commitment. Quick wins possible with right investment.
E005,David Thompson,Senior Sales Representative,Sales,6,I report to the sales manager. Territory-based structure. I cover the northeast region handling both new and existing customers.,Too much administrative work. Spend 60% of time on paperwork and only 40% selling. Lease renewal process is entirely manual and cumbersome.,"Customer expectations have changed drastically. They want instant quotes, online applications, and quick decisions. We can't deliver any of that.",Our tools are very outdated. Can't generate quotes on the spot. Have to go back to office and manually calculate everything in Excel.,Competitors have mobile apps where sales reps can generate quotes instantly and customers can e-sign documents on the spot.,"We're losing to competitors on speed and convenience. Our value proposition used to be relationship and service, but customers now prioritize digital experience and speed.",Marketing and sales aren't aligned. They generate leads that don't match our target customer profile. Waste of time.,"Give us mobile quoting tools, digital signature capability, automate lease renewals, better lead quality from marketing, reduce paperwork by 50%","Need training on digital selling techniques, social selling, CRM utilization, and value-based selling. My skills are dated for today's buyers who research everything online first.",Customers love personal service but hate our slow process. They want hybrid model - digital efficiency with human touch for complex questions. We only offer old-school approach.,We're 10-15% higher than online competitors on standard leases. Can compete on complex fleet deals where service matters but losing individual and small business customers on price.,4,Personally still motivated but frustrated. Considering leaving after 6 years. Compensation good but feel handicapped by bad tools. Losing deals I should win. Pride is hurt.,"Need better leads from marketing, mobile tools to be effective in field, and support staff to handle paperwork so I can sell. Currently drowning in admin work.",Medium readiness. Willing to adopt new tools but skeptical after years of broken promises. Need to see real investment and results quickly or top performers will leave for competitors.
E006,Lisa Martinez,Finance Director,Finance,10,"I oversee credit, accounting, and collections teams. About 15 people total. Traditional hierarchical structure with clear reporting lines.",Month-end close takes 10 days due to manual reconciliations. Portfolio performance reporting is delayed. Can't make real-time decisions.,Finance doesn't interact with customers but our slow processes impact their experience. Credit decisions and payment processing delays create friction.,Using QuickBooks for accounting and separate legacy system for lease management. No real-time integration. Lots of manual journal entries.,Can't speak to competitors' finance operations but I know their pricing is more aggressive and they seem to have better data on portfolio performance.,"Our pricing model hasn't been updated in 3 years. Market rates have changed and we're not competitive. Also, our 20% down payment requirement is higher than competitors.",Finance is seen as the department of 'no.' We need better communication on why certain credit decisions are made and how pricing is determined.,"Implement integrated financial system, revise pricing model quarterly based on market data, reduce down payment requirements for qualified customers, hire data analyst","Team needs training on modern FP&A tools, data analytics, and strategic finance. Currently very transactional focused. Need business partner mindset.","Indirect feedback through sales - customers find our down payment too high, payment options inflexible, and early termination penalties excessive compared to market.","Not competitive. Haven't done market pricing study in 3 years. Down payment requirements eliminate qualified customers. Residual value calculations conservative, driving higher payments. Need dynamic pricing.",3,Finance team stable but not challenged. Doing same work year after year. Younger staff want more analytical roles but stuck in transaction processing. Some boredom evident.,Need modern financial system - current setup requires too much manual work. Need 1 data analyst and 1 FP&A analyst. Budget approvals very slow from ownership.,Low readiness. Team comfortable with current systems despite inefficiency. Risk-averse culture in finance. Will need strong change management and executive sponsorship for transformation.
E007,Robert Lee,Fleet Manager,Operations,7,I manage relationships with dealerships and OEMs. Also handle vehicle condition assessments and returns. Team of 3.,Inventory visibility is our biggest problem. Don't know what vehicles are available without calling dealers. Vehicle turn-around time after lease end is 21 days on average.,"Fleet issues directly impact customers - wrong vehicle availability, delivery delays, poor vehicle condition. Generates lots of complaints.",No fleet management software. Track everything in spreadsheets. Can't efficiently match customer requirements with available inventory.,Competitors have direct relationships with OEMs for guaranteed inventory allocation. We're always scrambling in the open market.,Inventory shortage is killing us. Can't source popular models quickly. Customers won't wait 4-6 weeks for a vehicle they can get elsewhere in 2 weeks.,Sales overpromises on vehicle availability without checking with us. Then we're blamed for not delivering.,"Invest in fleet management system, negotiate OEM partnership agreements, expand vehicle reconditioning capacity, implement online inventory portal for sales team","Need training on OEM programs, fleet technology systems, and vehicle valuation. Currently learning everything through experience with no formal development.",Vehicle availability issues drive 40% of lost deals. Customers also complain about vehicle condition at delivery and limited model choices. Our fleet mix doesn't match market demand.,Fleet-related costs add to customer price. Reconditioning takes too long and costs too much. Competitors turn vehicles faster and offer better selection. Our slow processes drive up costs.,3,Frustrated by lack of resources and blame from sales. Feel caught in middle between sales promises and dealer reality. Considering leaving for larger fleet operation with better systems.,Desperately need fleet management system - requested for 3 years with no approval. Need 2 more staff for vehicle prep and inspections. Reconditioning facility outdated and undersized.,Medium readiness. Eager for better systems but concerned about learning curve. Small team means everyone wears multiple hats - will need backfill during implementation.
E008,Amanda Foster,Marketing Manager,Marketing,4,"Marketing team of 4 people. Focus on traditional channels - print ads, radio, some digital advertising. Report to VP of Sales.",Limited budget compared to competitors. Digital marketing expertise is lacking. No marketing automation or lead nurturing capability.,Marketing generates leads but sales says quality is poor. We don't have feedback loop to understand what converts and what doesn't.,Using basic email platform and Google Ads. No CRM integration so can't track lead to customer conversion. No marketing analytics dashboard.,"Competitors have strong online presence, SEO rankings, and digital ad campaigns. They appear more modern and tech-forward. We look outdated.",Brand perception is outdated - customers see us as old-fashioned. Digital presence is weak so younger customers don't find us. Lead generation has dropped 30% year-over-year.,Sales doesn't provide feedback on lead quality. Don't know what happened to leads after handoff. Finance doesn't share data on customer acquisition costs.,"Redesign website, invest in SEO and content marketing, implement marketing automation, create digital brand refresh, establish lead feedback loop with sales","Team needs training in digital marketing, marketing automation platforms, SEO/SEM, content strategy, and data analytics. Currently generalists without deep digital expertise.",Market perception is that we're old-fashioned and expensive. Younger demographics don't even consider us. Website traffic down 25% year-over-year. Poor online reviews hurting brand.,Our pricing perception is higher than reality due to poor communication of total value. Competitors better at highlighting benefits. Our marketing focuses on features not value proposition.,3,Team is frustrated by limited budget and lack of leadership support. Good ideas get shot down due to cost. Feeling irrelevant as lead volume drops and sales blames marketing. Two team members updating resumes.,"Marketing budget is 2% of revenue vs industry standard of 5-7%. No budget for website redesign, marketing automation, or additional headcount. Can't compete with competitor spending.",High readiness. Marketing team is digital-native and eager to modernize. Main barriers are budget and sales/leadership buy-in. Quick wins possible if given resources and autonomy.
E009,Kevin Brown,Collections Specialist,Finance,4,Collections team of 3 handling all delinquent accounts. We work accounts based on days past due starting with most delinquent.,"System doesn't flag at-risk accounts early enough. By the time we get involved, customer is already 60+ days past due and relationship is damaged.",Collections is adversarial by nature but we could be more proactive. Need better early warning system to help customers before they become delinquent.,"Collections module in lease management system is basic. No predictive analytics, no automated payment reminders, can't text customers.",Don't have visibility into competitor collections practices but noticed our delinquency rate has increased to 8.5% from 5.2% two years ago.,Economic factors play a role but also think our customer selection has gotten worse. Credit quality of new leases has declined. Also less engagement with customers during lease term.,Sales relationship ends after lease is signed. Customers feel abandoned and are less likely to prioritize payments. No ongoing engagement.,"Implement early warning system, automated payment reminders via text/email, customer payment portal, better handoff from sales to account management","Need training on negotiation skills, compliance regulations, and modern collections technology. Currently using very traditional confrontational approach that damages relationships.",Customers say payment process is difficult - can only pay by check or phone. No online payment portal. Reminders come too late. Feel like we only care when they're behind.,Collections issues indirectly reveal pricing stress. Customers who overextended due to aggressive sales tactics struggle most. Our approval process approves some who shouldn't be approved.,2,Collections is stressful job. Dealing with angry customers daily. Feel like we're set up to fail with poor early warning systems. No appreciation for preventing losses. Turnover is high.,Understaffed for volume of delinquent accounts. Need early warning predictive system - costs ~$30K with no budget. Need online payment portal to make it easy for customers to stay current.,Medium readiness. Team open to technology that makes job easier but skeptical anything will change. Low confidence in leadership commitment based on past empty promises.
E010,Jennifer Wang,VP of Sales,Sales,15,Three regional sales managers report to me overseeing 25 sales reps total. Also have 2-person inside sales team. Traditional territory-based model.,Biggest challenge is our people are trained for relationship selling but market has moved to transactional digital experience. Need to retrain team while maintaining culture.,"Customer satisfaction scores have dropped from 4.2 to 3.6 stars over past 18 months. Main complaints are speed, transparency, and digital capabilities.",Our tech stack is 10+ years behind competitors. This puts us at massive disadvantage. Sales team spends more time fighting systems than selling.,Competitors are eating our lunch with digital-first approaches. Two new fintech players entered market last year with fully automated platforms. Traditional competitors have also upgraded.,"Multiple factors: slow processes losing deals, outdated technology limiting competitiveness, lack of digital capabilities alienating younger customers, pricing not competitive, poor inventory availability, and frankly declining team morale due to these frustrations.",Silos between departments create finger-pointing rather than problem-solving. Leadership needs to break down these barriers and create cross-functional teams focused on customer journey.,"Major digital transformation initiative needed. This includes: new integrated technology platform, process reengineering to reduce approval time to 48 hours, customer self-service portal, competitive pricing review, team retraining on digital tools, and organizational restructuring around customer journey not functions. Need executive commitment and significant investment.","Need to upskill entire sales organization on digital selling, social selling, and consultative approaches. Also need leadership training for managers on coaching in hybrid digital/relationship model.",Customer feedback is consistently negative on speed and digital experience. Positive feedback mostly from long-term customers who value relationships. Losing younger demographics entirely - 70% of sub-35 prospects choose competitors.,We're priced 8-12% higher than digital-first competitors on standard leases. Can justify premium for complex deals but not commodity transactions. Losing 60% of price-sensitive deals.,3,"Morale is biggest concern. Lost 8 sales reps this year - highest turnover in company history. Exit interviews cite poor tools, losing deals, and frustration. Remaining team is discouraged. Need quick wins to rebuild confidence.",Sales needs 5-7 additional reps to cover territories properly. Need $200K+ investment in sales tech stack. Training budget is inadequate. Marketing support is insufficient - budget allocation favors operations over growth.,"Medium readiness. Sales leadership sees urgency but ground-level team is skeptical. Been promised change before with no follow-through. Need executive commitment, budget allocation, and visible progress within 90 days or will lose more top performers."
E011,Marcus Johnson,IT Manager,IT,6,"Small IT team of 4 supporting entire organization. Mix of infrastructure management, user support, and vendor management. Reactive rather than strategic.",Legacy systems don't integrate. Spend 70% of time on break-fix rather than strategic initiatives. Every department uses different tools that don't talk to each other.,IT is seen as cost center and blocker. Users frustrated by slow ticket resolution - average 5 days for requests. We don't have resources to be responsive.,"Infrastructure is outdated - servers 8+ years old, no cloud strategy, security vulnerabilities. Running mix of on-premise systems with no modern architecture.",Competitors have moved to cloud-based integrated platforms. They can scale quickly and deploy updates continuously. We're stuck with quarterly manual updates that break things.,Our technology debt is massive. Systems can't support business needs. Every new requirement takes months to implement. Can't compete when technology is competitive differentiator.,IT is excluded from business decisions until implementation. Then blamed when technology doesn't meet unstated requirements. No seat at strategic planning table.,"Need cloud migration strategy, integrated platform approach, 3 additional IT staff, managed services for infrastructure, and IT representation in executive planning.","Team needs cloud architecture training, modern security practices, API integration skills, and agile development methodology. Currently only know legacy on-premise systems.","Users complain systems are slow, crash frequently, don't work on mobile, and can't get IT support. Technology frustration impacts customer experience and employee productivity.",Technology limitations force manual workarounds that increase costs. Competitors automate what we do manually. This cost difference impacts pricing competitiveness.,2,IT team is burned out and demoralized. Constant firefighting with no resources for improvement. Two team members looking to leave. Feel undervalued and set up to fail.,Severely under-resourced. Need $500K infrastructure investment that's been denied for 3 years. Headcount frozen despite growing demands. Working 60-hour weeks just to keep lights on.,Medium readiness. Team has skills for tactical work but lacks strategic transformation experience. Will need external consulting help and significant training for cloud migration.
E012,Rachel Martinez,Sales Representative,Sales,2,"New to the team, still learning. Work under David Thompson covering accounts in northeast. Mostly prospecting and qualifying leads for senior reps.","Onboarding was minimal - learned by shadowing. No formal training on products, processes, or systems. Making it up as I go which hurts confidence and results.",Customers often ask questions I can't answer. Have to check with manager constantly which makes me look incompetent. Frustrating for customers and embarrassing for me.,Systems are confusing and non-intuitive. Took me 3 months just to figure out basic CRM functions. Still don't know how to generate accurate quotes without help.,Haven't interacted with competitors much but prospects mention using other companies' apps and online tools. We have nothing comparable to show them.,"From my limited perspective, prospects want digital self-service options we don't have. Younger buyers especially expect modern experience. Our approach feels dated.",Communication between departments is terrible. I'm often caught in middle giving customers conflicting information from different teams. Makes company look disorganized.,"Better onboarding program, formal training curriculum, mentorship program, modern tools that actually work, and clearer communication protocols across departments.","Need comprehensive product training, sales methodology training, CRM/systems training, and competitive intelligence. Currently flying blind with minimal support.",Limited customer feedback so far but hear frustrations about slow processes and lack of digital options. Prospects comparing us unfavorably to competitors on convenience.,Pricing seems high compared to what prospects mention getting from competitors. Hard to justify premium when our service experience isn't better. Losing deals on price.,2,Struggling with motivation. Considering if this is right career choice. Poor tools and lack of support making it hard to succeed. Other new hires have already left.,No formal training budget for new hires. Learning from colleagues who are too busy. No CRM training resources. Expected to produce results without proper preparation.,High personal readiness - I'm young and tech-savvy. But concerned about company commitment to change. Seems like lots of talk but no action. May not stick around to see transformation.
E013,Thomas Anderson,Account Manager,Customer Success,5,Account management team of 3 focusing on existing customer renewals and upsells. Hybrid role between sales and customer service.,Renewal process is entirely manual and time-consuming. No proactive outreach - we react when customers call. Missing renewal opportunities due to poor tracking.,Try to provide good service but lack visibility into customer issues. Find out about problems when customers threaten to leave. No early warning system.,Use same outdated CRM as sales. No customer success platform or renewal tracking tools. Build spreadsheets to track renewals manually which is error-prone.,Competitors have dedicated customer success teams with proactive engagement. They use data to predict churn and intervene early. We're reactive and losing customers.,"Customer retention has dropped from 82% to 71% over two years. Losing customers to competitors due to poor service, limited engagement, and better digital experiences elsewhere.",Sales hands off customers then disappears. We inherit problems and unrealistic expectations. No smooth transition process. Customers feel abandoned after sale.,"Implement customer success platform, create proactive engagement program, automate renewal tracking, hire 2 more account managers, establish clear handoff process from sales.","Need training on customer success methodology, churn prediction analytics, value realization frameworks, and renewal negotiation. Currently using outdated account management approach.","Customers feel neglected after initial sale. Complain we only call at renewal time. Want regular check-ins, business reviews, and proactive support. We can't deliver with current resources.",Renewal pricing often uncompetitive. Customers shop around and find better deals. We lose on price because we don't demonstrate ongoing value throughout lease term.,3,Caught between sales and service with no clear identity. Frustrated by reactive posture and high churn. Feel responsible for revenue but lack tools and support. Morale declining.,Understaffed for customer base - each AM handles 200+ accounts. No budget for customer success tools. No resources for customer events or engagement programs.,"Medium readiness. Understand need for proactive approach but skeptical about getting resources. Team willing to change but needs tools, training, and additional headcount."
E014,Daniel Park,Business Analyst,Finance,3,Solo business analyst supporting finance and operations. Do ad-hoc reporting and analysis. No formal analytics function or strategy.,Data quality is terrible. Multiple systems with conflicting data. Spend 80% of time cleaning data and only 20% analyzing. No single source of truth.,Don't interact with customers directly but my analysis reveals significant customer experience issues. Data shows declining satisfaction and increasing churn.,Working with data from 5+ disconnected systems. Use Excel for everything. No BI tools or data warehouse. Manual data extraction and transformation extremely time-consuming.,No visibility into competitor analytics capabilities but assume they have better data infrastructure based on their operational efficiency and speed.,"Data shows clear trends: approval time correlates with win rate, delivery delays drive cancellations, and pricing is uncompetitive in key segments. But insights don't drive action.",Analytics insights ignored by leadership. Present findings but no follow-up. Feel like I'm shouting into void. Decisions made on gut feel rather than data.,"Implement data warehouse, BI platform, hire data engineer, establish data governance, and create culture of data-driven decision making. Need executive sponsor for analytics.","Need training on advanced analytics, data visualization, predictive modeling, and SQL/database skills. Current Excel skills insufficient for complexity of analysis needed.","Data shows customer complaints concentrated in approval speed, delivery timing, and communication quality. Satisfaction scores declining across all segments especially younger demographics.",Analysis shows we're 8-15% more expensive than competitors on comparable leases. Price elasticity analysis suggests we're losing 40% of price-sensitive segment.,2,Frustrated by lack of impact. Do good analysis that gets ignored. Leadership doesn't value data-driven approach. Considering leaving for company that appreciates analytics.,Working alone with no budget for tools or training. Need data engineering support but company won't invest. Using personal laptop because company hardware is inadequate.,High personal readiness - eager to build modern analytics capability. But low organizational readiness - company doesn't value data. Would need significant culture change.
E015,Nicole Foster,Compliance Officer,Legal/Compliance,7,"Solo compliance officer reporting to CFO. Handle regulatory compliance, contract review, and risk management. Spread too thin.","Compliance processes are manual - reviewing every contract, checking every credit decision. Can't scale with volume. Risk of regulatory violations increasing.",Compliance delays frustrate customers. Contract reviews take 3-5 days. Credit decisions sometimes reversed due to compliance issues after customer told they're approved.,No compliance management software. Use checklists and spreadsheets. Can't efficiently track regulatory changes or assess compliance across portfolio.,Competitors likely have compliance automation and dedicated teams. We're at risk with solo officer and manual processes. One mistake could be costly.,Compliance bottlenecks slow deals. But bigger risk is regulatory violations due to manual processes and lack of oversight. Could face fines or license issues.,Legal/compliance seen as blocker rather than enabler. Not involved in process design so have to retrofit compliance. Creates conflicts and delays.,"Implement compliance management system, hire compliance analyst, automate routine compliance checks, integrate compliance into process design, regular training for all staff.","Need training on fintech regulations, consumer protection updates, and compliance automation tools. Also need to train other departments on compliance requirements.",Customers frustrated by compliance-driven delays and documentation requests. Don't understand why we need so much information. Process feels invasive compared to competitors.,Compliance requirements add cost and time but we don't explain value to customers. Competitors handle compliance more smoothly. Our friction drives customers away.,2,Stressed and concerned about risk exposure. Single point of failure for critical function. Management doesn't appreciate compliance importance until there's problem. Burnout risk is high.,Desperately need compliance automation tools and additional staff. Regulatory complexity increasing but resources staying flat. Working 60+ hours trying to keep up.,Medium readiness. Open to automation but concerned about maintaining control and oversight. Will need compliance-certified solutions and careful implementation.
E016,Brian Mitchell,Senior Operations Coordinator,Operations,9,"One of three ops coordinators handling contract processing, vehicle coordination, and customer communication. Work on individual deals start to finish.",Everything is manual - no workflow automation. Juggling 30-40 active deals at once. Easy to miss steps or deadlines. Quality suffering due to volume.,Direct customer contact during delivery process. Customers frustrated by delays and lack of communication. I'm buffer between customer and system problems.,"Use email, phone, spreadsheets. No task management or workflow tools. Information scattered across multiple places. Hard to track status or hand off deals.","From customer comments, competitors provide much better visibility and faster delivery. They have automated status updates and online tracking. We have none of that.",Delivery delays and poor communication losing deals. Customers cancel after approval because process takes too long. Lost 12 deals personally in last quarter due to delays.,Operations doesn't get information from sales or credit in timely way. Chase down details that should be captured upfront. Inefficient and frustrating.,"Workflow automation platform, task management system, automated customer communication, better handoff processes from sales/credit, and 2 more coordinators.","Need training on project management, process improvement, and workflow tools when implemented. Current approach is ad-hoc without formal methodology.","Customers consistently complain about delivery time, lack of updates, and poor communication. They feel forgotten between approval and delivery. Major pain point.",Operations costs are high due to inefficiency. Manual processes require more labor. These costs get passed to customers making us less competitive.,3,Burned out from constant firefighting and angry customers. Feel like we're failing despite working hard. No appreciation for dealing with impossible situations. Two colleagues already left.,Need workflow automation tools - requested multiple times with no budget approval. Need 2 more coordinators but hiring frozen. Using personal phones because company phones inadequate.,Medium readiness. Eager for better processes and tools but skeptical based on past disappointments. Will need proper change management and training.
E017,Jessica Chen,Digital Marketing Specialist,Marketing,2,"Report to marketing manager. Focus on digital channels - social media, website, email. Trying to modernize our presence with limited resources.",Outdated website that I can't update easily. No marketing automation. Social media presence minimal. Content creation slow due to approval processes.,"Marketing doesn't interact with customers directly but social media feedback is very negative. Complaints about slow service, lack of digital options, high prices.","Using basic tools - MailChimp, Hootsuite, Google Analytics. No marketing automation, no CRM integration, can't track ROI. Flying blind on what works.","Competitors have modern websites, active social presence, content marketing, SEO rankings. We're invisible online compared to them. Losing entire digital-native segment.",Digital lead generation down 45% year-over-year. Younger demographics don't find us online. Brand perception is outdated. Website conversion rate is 0.8% vs industry standard 3-5%.,Marketing works in silo. Sales doesn't share feedback. Product team doesn't involve us in development. Creating campaigns without understanding customer needs.,"Website redesign, marketing automation platform, content strategy, SEO investment, social media program, and integration with sales systems for lead tracking.","Need training on marketing automation, SEO, content marketing, conversion optimization, and analytics. My skills are ahead of company tools and strategy.","Social media sentiment is negative. Customers complain we're old-fashioned, expensive, slow, and not responsive. Competitors getting positive reviews while we get criticized.",Brand perception is that we're premium-priced but not premium-service. Competitors position better value. Our messaging focuses on wrong things customers don't care about.,2,Frustrated by inability to make impact. Have ideas but no budget or support. Feel like I'm wasting my potential. Already interviewing elsewhere.,Marketing budget is tiny. Website redesign quoted at $50K with no approval. No budget for paid advertising or content creation. Can't compete with nothing.,"High personal readiness - digital native with modern skills. But company isn't ready. Need leadership commitment and budget. Without investment, digital marketing can't succeed."
E018,Angela Rodriguez,Training Coordinator,Human Resources,4,HR team of 3. I focus on training and development. Also handle onboarding and performance management support.,No formal training program. Onboarding is chaotic - new hires learn by shadowing. No systematic skill development. Training budget essentially zero.,Don't interact with customers but employee capability directly impacts customer experience. Undertrained staff provide poor service. It's systemic problem.,Using basic LMS with outdated content. No modern training tools or e-learning. Track training in spreadsheets. Can't measure training effectiveness.,Don't know competitor training practices but they seem to have better-trained employees based on service quality and faster processes.,Undertrained employees can't deliver quality service. High turnover partially due to poor onboarding and development. Losing talent to companies with better training.,Training needs assessment happens in silo without input from departments. Create programs that don't address real needs. Waste of limited resources.,"Develop comprehensive training curriculum, implement modern LMS, create role-specific learning paths, establish mentorship program, and get proper training budget.","Personally need training on instructional design, adult learning theory, and modern training technologies. Currently doing training coordination without formal background.",Indirectly through employee feedback - staff feel unprepared for roles. Customers suffer from employee mistakes and knowledge gaps. Training gaps hurt business results.,"Training investment is cost that competitors may also bear, but our lack of training creates inefficiencies that drive up costs and reduce service quality.",3,HR trying to support business with minimal resources. Training is afterthought rather than priority. Frustrating to see employee and customer problems that training could solve.,"Training budget is $500 per employee per year vs industry standard $1,200. No budget for training platform or content development. Expected to deliver results with nothing.","Medium readiness. Have foundation but need investment in tools, content, and time. Employees are eager for training. Main barrier is budget and leadership commitment."
E019,Christopher Lee,VP of Operations,Operations,12,"Oversee all operations including vehicle operations, contract processing, and customer delivery. Team of 18. Report directly to CEO.","Biggest challenge is scaling manual processes that worked at lower volume. As we grew, didn't invest in systems and automation. Now hitting breaking point.",Operations directly impacts customer experience but we're reactive not proactive. Customer complaints increasing. We're bottleneck for customer satisfaction.,Operations technology stack is 15+ years old. No modern systems. Everything manual. Competitors have automated what we do manually. Major competitive disadvantage.,"Competitors have digital operations with automation, customer portals, and real-time visibility. We're stuck in paper-based analog world. Losing on operational efficiency.","Operations inefficiency is root cause of revenue decline. Slow delivery, poor communication, manual errors drive customers away. Plus our costs are higher due to inefficiency.",Operations blamed for company problems but we're symptom not cause. Need cross-functional transformation not just operations fixes. Organizational silos hurt everyone.,"Complete operations transformation: workflow automation, customer portal, integrated systems, process reengineering, additional staff, and modern fleet management.","Operations leadership needs training on digital transformation, change management, and modern operations methodology. Team needs technical and process training.","Operations is number one customer complaint. Delivery delays, poor communication, errors, lack of visibility. Satisfaction scores reflect operations failures.",Operations inefficiency drives up costs that get passed to customers. Manual processes require more labor. Slower delivery ties up inventory. All impacts pricing.,2,Operations morale is terrible. Team is burned out from firefighting. Turnover increasing. Feel undervalued and blamed. Need quick wins and visible commitment to change.,"Operations critically under-resourced. Need 5-7 additional staff, $300K in technology investment, and facilities expansion. Have requested for years with minimal progress.",Low to medium readiness. Team is exhausted and skeptical. Need to rebuild trust through visible commitment and quick wins. Major change management effort required.
E020,Michelle Torres,CEO,Executive,18,Founded company 18 years ago. Traditional hierarchical structure. Hands-on but now overwhelmed. Need to delegate more but lack confidence in systems and people.,Biggest challenge is deciding on transformation strategy and committing resources. Risk-averse due to company being my life's work. But know status quo isn't working.,"Customer feedback has deteriorated significantly. This is existential crisis. If we don't fix customer experience, we'll lose business. Competition is fierce.",Aware our technology is outdated but overwhelmed by options and costs. Every vendor promises solutions. Need trusted advisor to guide technology strategy.,Competitors are taking market share. Two new fintech entrants are aggressive. Traditional competitors have modernized. We're being left behind.,"Multiple factors: market shift to digital, our slow processes, outdated technology, declining team morale, operational inefficiencies. Need comprehensive transformation not point solutions.",Organization has become siloed as we grew. Departments blame each other. Need culture change focused on collaboration and customer-centricity.,"Need comprehensive digital transformation: technology platform, process reengineering, organizational restructuring, culture change, and talent development. Major investment required.","Personally need training on digital business models, change leadership, and modern technology landscape. Executive team needs transformation management skills.","Customer feedback is clear: too slow, not digital enough, poor communication, expensive, outdated. Losing customers we've had for years. Market perception is very negative.",We're priced 8-15% higher than market without differentiated value. Need to either reduce costs through efficiency or increase value through better service. Currently losing on both.,2,Personally stressed and concerned about company future. Team morale declining across organization. High turnover in key positions. Need to act decisively but paralyzed by risk.,Need $2-3M investment over 2-3 years for comprehensive transformation. Revenue declining so cash flow tight. May need external financing or investor. Major decision ahead.,Medium readiness personally - intellectually understand need but emotionally attached to old ways. Organization has pockets of readiness but overall low. Need external help to drive transformation.